{"cameraMode":{"drawMode":0,"name":"Shaded","section":"Shading Mode"},"sceneLighting":false,"audioPlay":false,"sceneViewState":{"showFog":true,"showMaterialUpdate":false,"showSkybox":true,"showFlares":true,"showImageEffects":true,"showParticleSystems":true},"in2DMode":false,"pivot":{"x":11.791991233825684,"y":123.47126770019531,"z":106.42390441894531},"rotation":{"x":0.34777387976646426,"y":0.10447065532207489,"z":-0.03902166709303856,"w":0.9309946894645691},"size":54.12077713012695,"orthographic":false}