{"cameraMode":{"drawMode":0,"name":"Shaded","section":"Shading Mode"},"sceneLighting":false,"audioPlay":false,"sceneViewState":{"showFog":true,"showMaterialUpdate":false,"showSkybox":true,"showFlares":true,"showImageEffects":true,"showParticleSystems":true},"in2DMode":false,"pivot":{"x":55.040435791015628,"y":15.60969066619873,"z":175.76417541503907},"rotation":{"x":-0.06661771982908249,"y":-0.9304817914962769,"z":0.2134542167186737,"w":-0.29041188955307009},"size":12.393193244934082,"orthographic":false}