{"cameraMode":{"drawMode":0,"name":"Shaded","section":"Shading Mode"},"sceneLighting":false,"audioPlay":false,"sceneViewState":{"showFog":true,"showMaterialUpdate":false,"showSkybox":false,"showFlares":true,"showImageEffects":true,"showParticleSystems":true},"in2DMode":false,"pivot":{"x":-0.11336266249418259,"y":1.5370056629180909,"z":0.13194027543067933},"rotation":{"x":-0.00025010682293213904,"y":-0.9988396763801575,"z":0.04798143729567528,"w":-0.0051975492388010029},"size":1.4291894435882569,"orthographic":true}