{"cameraMode":{"drawMode":0,"name":"Shaded","section":"Shading Mode"},"sceneLighting":false,"audioPlay":false,"sceneViewState":{"showFog":true,"showMaterialUpdate":false,"showSkybox":false,"showFlares":true,"showImageEffects":true,"showParticleSystems":true},"in2DMode":false,"pivot":{"x":-0.1889999955892563,"y":0.0010000000474974514,"z":0.052000001072883609},"rotation":{"x":0.0011223162291571498,"y":0.9810813069343567,"z":-0.19357894361019135,"w":0.005692625883966684},"size":0.2735450863838196,"orthographic":false}